Country Code,Location,Sex,LtrsPureAlcConsumedAvg,LtrsPureAlcConsumedLow,LtrsPureAlcConsumedAvgHigh,TobaccoUse(%),TobaccoUseLow(%),TobaccoUseHigh(%),ParentLocationCode,ParentLocation,ObesityPrevalence(%),ObesityPrevalenceLow(%),ObesityPrevalenceHigh(%),Year,Percentage of cause-specific deaths out of total deaths,Death rate per 100 000 population
KWT,Kuwait,All,0.0,0.0,0.0,19.9,14.9,24.9,EMR,Eastern Mediterranean,40.92,39.06,42.78,2014,37.68860885,56.27010641
KWT,Kuwait,Female,0.0,0.0,0.0,2.8,2.0,3.6,EMR,Eastern Mediterranean,47.85,45.52,50.31,2014,31.24718595,43.29498546
KWT,Kuwait,Male,0.0,0.0,0.0,37.1,27.9,46.3,EMR,Eastern Mediterranean,36.5,33.9,39.18,2014,41.44356955,64.80639347
EGY,Egypt,Female,0.05,0.0,0.16,0.5,0.3,0.6,EMR,Eastern Mediterranean,50.44,48.46,52.43,2014,50.13267603,281.32259729
IRN,Iran (Islamic Republic of),Female,0.09,0.004,0.25,4.1,3.0,5.3,EMR,Eastern Mediterranean,27.26,25.98,28.56,2014,45.97613741,137.40033519
BRN,Brunei Darussalam,Female,0.15,0.0,0.58,2.8,1.9,3.7,WPR,Western Pacific,26.54,23.36,29.93,2014,22.76295133,73.69533839
MYS,Malaysia,Female,0.17,0.0,0.43,1.4,0.9,1.8,WPR,Western Pacific,20.85,19.34,22.42,2014,25.26276531,50.20642177
OMN,Oman,Female,0.16,0.01,0.37,0.5,0.3,0.6,EMR,Eastern Mediterranean,33.89,30.92,36.86,2014,24.87787858,50.457086
EGY,Egypt,All,0.19,0.0,0.64,22.8,18.4,27.1,EMR,Eastern Mediterranean,38.91,37.48,40.38,2014,47.75863755,292.60167283
MDV,Maldives,Female,0.27,0.027,0.58,13.5,8.5,18.5,SEAR,South-East Asia,17.33,15.41,19.31,2014,40.49586777,108.67998181
EGY,Egypt,Male,0.33,0.0,1.12,45.1,36.5,53.6,EMR,Eastern Mediterranean,27.28,25.14,29.48,2014,45.82783579,303.42502404
QAT,Qatar,Female,0.28,0.059,0.64,2.4,1.7,3.0,EMR,Eastern Mediterranean,45.27,41.12,49.44,2014,17.65625,19.32638154
IRN,Iran (Islamic Republic of),All,0.42,0.023,1.12,15.5,11.8,19.1,EMR,Eastern Mediterranean,20.79,19.97,21.6,2014,42.26052151,148.83476921
BRN,Brunei Darussalam,All,0.41,0.0,1.59,16.4,12.2,20.6,WPR,Western Pacific,24.89,22.58,27.32,2014,27.75510204,99.56829336
BHR,Bahrain,Female,0.45,0.11,0.87,5.7,3.1,8.2,EMR,Eastern Mediterranean,39.31,33.7,44.97,2014,25.54399243,53.14176057
TUR,Türkiye,Female,0.48,0.14,0.88,17.9,14.8,20.9,EUR,Europe,37.66,36.24,39.07,2014,44.66113867,202.95917726
MYS,Malaysia,All,0.63,0.0,1.56,24.0,19.4,28.7,WPR,Western Pacific,17.14,16.14,18.17,2014,27.1285465,68.34583762
IRN,Iran (Islamic Republic of),Male,0.74,0.04,1.98,26.8,20.7,32.9,EMR,Eastern Mediterranean,14.46,13.44,15.49,2014,39.6284771,159.89862037
BRN,Brunei Darussalam,Male,0.66,0.0,2.54,30.0,22.5,37.4,WPR,Western Pacific,23.35,20.14,26.77,2014,31.57262905,123.46142652
GTM,Guatemala,Female,0.67,0.21,1.15,2.1,1.4,2.7,AMR,Americas,25.73,24.09,27.39,2014,18.70753302,78.59052102
UZB,Uzbekistan,Female,0.66,0.28,1.06,1.2,0.9,1.5,EUR,Europe,26.44,24.32,28.56,2014,63.60841045,283.14215709
OMN,Oman,All,0.79,0.054,1.81,8.1,6.5,9.7,EMR,Eastern Mediterranean,25.9,23.93,27.94,2014,23.35337,45.731253
SGP,Singapore,Female,0.82,0.28,1.48,5.1,3.7,6.5,WPR,Western Pacific,8.52,7.33,9.85,2014,30.11619635,129.04346783
TKM,Turkmenistan,Female,0.94,0.51,1.45,0.5,0.3,0.7,EUR,Europe,20.72,18.47,23.14,2014,48.37624342,238.31340122
LKA,Sri Lanka,Female,1.04,0.5,1.64,3.5,2.5,4.5,SEAR,South-East Asia,8.91,7.81,10.09,2014,24.43700383,126.25528679
MYS,Malaysia,Male,1.07,0.0,2.64,46.7,37.8,55.6,WPR,Western Pacific,13.59,12.3,15.0,2014,28.27808068,85.31115474
OMN,Oman,Male,1.08,0.073,2.48,15.7,12.7,18.7,EMR,Eastern Mediterranean,22.2,19.56,24.88,2014,22.49645964,43.10393281
SLV,El Salvador,Female,1.12,0.53,1.79,2.3,1.6,3.1,AMR,Americas,32.08,29.1,35.12,2014,18.31588079,88.7238207
QAT,Qatar,All,1.15,0.28,2.14,12.5,10.1,14.8,EMR,Eastern Mediterranean,37.62,34.26,41.22,2014,15.7227388,15.12688283
CRI,Costa Rica,Female,1.28,0.63,1.96,5.7,4.5,7.0,AMR,Americas,31.2,29.0,33.48,2014,30.7744797,112.96302945
ISR,Israel,Female,1.29,0.65,2.06,16.2,13.2,19.3,EUR,Europe,22.42,20.25,24.75,2014,24.88413884,126.93594143
JAM,Jamaica,Female,1.34,0.61,2.12,4.6,2.9,6.3,AMR,Americas,40.67,37.68,43.68,2014,37.21326368,226.63598747
MDV,Maldives,All,1.39,0.14,2.9,30.3,23.5,37.1,SEAR,South-East Asia,12.19,10.94,13.57,2014,42.17804667,112.18003977
QAT,Qatar,Male,1.39,0.33,2.59,22.6,18.5,26.6,EMR,Eastern Mediterranean,34.94,30.73,39.39,2014,15.00579374,13.81695153
KAZ,Kazakhstan,Female,1.36,0.75,2.04,8.3,6.8,9.7,EUR,Europe,18.88,16.81,21.08,2014,28.01754327,187.93901563
GTM,Guatemala,All,1.72,0.56,2.92,12.5,8.8,16.1,AMR,Americas,21.33,19.78,22.86,2014,16.53321681,80.7875987
BHS,Bahamas,Female,1.85,0.079,3.72,2.7,1.9,3.6,AMR,Americas,47.02,42.98,51.08,2014,35.0931677,177.65898907
SGP,Singapore,All,1.92,0.66,3.35,16.6,12.5,20.6,WPR,Western Pacific,8.96,8.08,9.96,2014,30.72873828,144.77855521
COL,Colombia,Female,1.95,1.14,2.81,5.4,4.3,6.4,AMR,Americas,23.84,22.23,25.43,2014,34.22567246,133.80270872
ECU,Ecuador,Female,1.87,1.05,2.77,3.4,2.3,4.6,AMR,Americas,26.64,24.84,28.44,2014,24.64631422,87.26107557
BLZ,Belize,Male,10.06,5.78,14.46,17.7,13.1,22.4,AMR,Americas,27.12,23.77,30.67,2014,21.1028632,112.78174183
PRT,Portugal,All,10.29,7.21,13.28,25.5,20.5,30.5,EUR,Europe,19.24,17.68,20.94,2014,30.68457218,310.41060999
SVK,Slovakia,All,10.32,7.35,13.53,31.9,23.6,40.2,EUR,Europe,21.87,19.76,24.07,2014,44.57882949,422.41156421
DOM,Dominican Republic,Male,10.41,6.25,14.64,16.3,12.4,20.2,AMR,Americas,18.37,16.35,20.5,2014,24.15918229,126.26862752
GBR,United Kingdom of Great Britain and Northern Ireland,All,10.44,7.46,13.5,19.3,16.3,22.3,EUR,Europe,25.16,24.54,25.8,2014,27.11448064,239.40058163
HUN,Hungary,All,10.52,7.08,13.83,33.8,26.6,40.9,EUR,Europe,26.39,24.74,28.05,2014,49.7086487,636.35740774
AUS,Australia,All,10.46,7.66,13.39,15.9,13.4,18.4,WPR,Western Pacific,26.55,25.39,27.73,2014,29.34561792,191.74921454
NOR,Norway,Male,10.62,6.93,14.7,21.3,18.0,24.7,EUR,Europe,18.0,15.38,20.88,2014,27.82321565,212.02967409
PAN,Panama,Male,10.7,7.0,14.48,11.6,9.4,13.7,AMR,Americas,22.43,19.72,25.32,2014,27.60965332,147.28909892
UKR,Ukraine,All,10.65,7.25,14.06,28.5,24.4,32.6,EUR,Europe,22.17,19.85,24.65,2014,67.31135418,993.67588003
SYC,Seychelles,All,10.68,7.28,14.25,22.7,16.4,29.0,AFR,Africa,25.83,23.15,28.57,2014,27.86206897,221.10574765
JPN,Japan,Male,10.84,7.19,14.71,34.6,29.4,39.8,WPR,Western Pacific,5.19,4.71,5.72,2014,24.50335739,265.07429433
CHE,Switzerland,All,10.87,7.92,14.01,26.4,22.0,30.8,EUR,Europe,11.8,10.74,12.91,2014,32.83748023,255.55684729
KGZ,Kyrgyzstan,Male,11.19,7.36,15.44,52.2,40.7,63.8,EUR,Europe,18.39,14.98,22.01,2014,45.84124763,317.69202683
BGR,Bulgaria,All,11.18,8.23,14.26,41.4,33.5,49.2,EUR,Europe,18.22,16.68,19.83,2014,65.86294882,993.35023317
SVN,Slovenia,All,11.27,8.29,14.44,21.8,18.0,25.6,EUR,Europe,16.6,15.79,17.44,2014,41.05686752,376.1114423
LVA,Latvia,All,11.4,7.75,15.21,37.1,30.7,43.5,EUR,Europe,22.2,19.48,25.17,2014,56.98734087,806.05602819
MLT,Malta,Male,11.49,7.2,16.16,30.3,24.4,36.1,EUR,Europe,32.6,28.07,37.33,2014,34.86404834,270.12223382
IRL,Ireland,All,11.49,8.33,14.6,23.4,19.0,27.7,EUR,Europe,25.66,23.82,27.53,2014,30.26117872,191.31831547
POL,Poland,All,11.58,8.27,14.84,27.6,23.1,32.0,EUR,Europe,23.17,22.0,24.36,2014,45.08602348,446.59609599
BEL,Belgium,All,11.56,8.36,14.58,28.0,23.0,33.1,EUR,Europe,18.17,16.65,19.75,2014,28.60388526,266.88558576
FRA,France,All,11.73,8.55,15.15,34.5,27.9,41.2,EUR,Europe,11.32,10.62,12.05,2014,25.00651833,212.3672163
ISL,Iceland,Male,11.75,7.74,15.75,14.1,11.5,16.6,EUR,Europe,20.2,16.81,23.82,2014,34.50905624,220.39305457
MDA,Republic of Moldova,All,11.8,7.83,15.71,28.1,23.3,32.9,EUR,Europe,22.99,21.25,24.8,2014,57.85688965,642.50419737
LUX,Luxembourg,All,11.76,8.75,14.87,24.9,20.5,29.4,EUR,Europe,18.19,16.24,20.19,2014,31.3900135,209.05271975
PER,Peru,Male,11.92,7.61,16.27,18.9,14.4,23.3,AMR,Americas,15.78,14.87,16.7,2014,17.94341991,62.14080282
BLR,Belarus,All,11.96,8.78,15.17,33.4,27.0,39.8,EUR,Europe,21.1,18.98,23.27,2014,55.51414326,712.15284884
MUS,Mauritius,Male,12.24,7.78,16.68,40.8,30.5,51.1,AFR,Africa,11.16,9.43,13.02,2014,30.55769231,263.30921185
RUS,Russian Federation,All,12.16,8.74,15.65,30.0,25.0,35.1,EUR,Europe,22.67,21.24,24.17,2014,50.07824651,655.36109449
DEU,Germany,All,12.23,9.02,15.48,25.1,21.1,29.2,EUR,Europe,20.43,19.08,21.81,2014,38.93057686,417.44327478
AUT,Austria,All,12.33,9.19,15.44,31.5,25.5,37.6,EUR,Europe,14.31,12.83,15.86,2014,42.34524357,387.83080202
GRC,Greece,Male,12.35,8.31,16.46,42.9,34.9,50.9,EUR,Europe,24.94,22.74,27.15,2014,36.46192737,403.47418357
ITA,Italy,Male,12.45,8.55,16.49,27.9,23.4,32.3,EUR,Europe,16.87,15.19,18.59,2014,33.14906832,325.72389785
CHL,Chile,Male,12.5,8.65,16.42,36.3,29.7,42.9,AMR,Americas,26.01,23.78,28.26,2014,26.26586383,162.21150449
CYP,Cyprus,Male,12.62,8.32,17.09,51.4,40.5,62.3,EUR,Europe,23.67,17.48,30.4,2014,34.007542,239.40130368
CZE,Czechia,All,13.11,9.86,16.24,31.4,26.2,36.5,EUR,Europe,22.55,21.23,23.92,2014,46.01996877,462.02377759
BRA,Brazil,Male,13.35,9.01,18.0,18.7,15.2,22.2,AMR,Americas,17.22,16.0,18.48,2014,25.69986252,178.59461917
THA,Thailand,Male,13.36,8.96,18.03,40.2,33.8,46.7,SEAR,South-East Asia,7.84,6.75,9.02,2014,13.34556043,102.80213104
ARG,Argentina,Male,13.47,9.54,17.63,31.8,25.8,37.8,AMR,Americas,27.04,24.84,29.35,2014,27.09805149,216.80595446
LCA,Saint Lucia,Male,13.55,8.4,18.6,26.9,20.0,33.8,AMR,Americas,15.31,12.74,18.0,2014,29.43603851,243.71910803
KOR,Republic of Korea,Male,13.74,9.5,18.06,41.4,34.0,48.7,WPR,Western Pacific,4.76,4.42,5.12,2014,18.66807855,108.38446146
GEO,Georgia,All,14.02,9.57,18.37,32.0,25.7,38.4,EUR,Europe,28.72,26.63,30.91,2014,42.00501151,553.2331634
HRV,Croatia,Male,14.07,8.14,19.96,38.4,30.7,46.2,EUR,Europe,25.4,22.77,28.15,2014,41.30582816,504.05684619
ESP,Spain,Male,14.53,10.17,18.96,33.1,27.5,38.6,EUR,Europe,20.64,18.76,22.66,2014,26.58170074,234.59187467
SWE,Sweden,Male,14.83,10.03,19.91,34.6,28.9,40.4,EUR,Europe,15.55,13.61,17.62,2014,36.03130755,323.16818796
NLD,Netherlands (Kingdom of the),Male,14.85,10.41,19.37,27.0,22.9,31.2,EUR,Europe,13.42,11.29,15.74,2014,26.31516217,211.44121676
USA,United States of America,Male,14.9,10.53,19.37,32.2,26.2,38.1,AMR,Americas,36.99,35.5,38.53,2014,30.77300094,259.38201098
DNK,Denmark,Male,14.99,10.45,19.61,21.9,18.5,25.4,EUR,Europe,14.46,13.47,15.49,2014,23.9963862,218.18675343
LTU,Lithuania,All,14.96,11.43,18.41,34.6,27.0,42.2,EUR,Europe,23.44,20.19,26.79,2014,55.9549836,768.08257629
NZL,New Zealand,Male,15.2,10.82,19.98,17.5,14.8,20.2,WPR,Western Pacific,29.28,27.92,30.69,2014,32.7051633,228.75958156
FIN,Finland,Male,15.2,10.86,19.85,31.9,26.8,37.1,EUR,Europe,19.4,17.74,21.12,2014,36.71512527,353.52191931
ZAF,South Africa,Male,15.43,10.7,20.4,35.2,28.2,42.1,AFR,Africa,14.35,13.25,15.51,2014,14.851255,130.5152828
EST,Estonia,All,15.64,11.23,19.97,33.3,27.0,39.5,EUR,Europe,21.17,19.58,22.81,2014,53.32902392,627.59357801
CAN,Canada,Male,15.68,10.86,20.59,18.2,15.8,20.6,AMR,Americas,25.8,24.16,27.49,2014,26.85051353,198.52844676
AUS,Australia,Male,16.17,11.76,20.78,18.1,15.2,21.0,WPR,Western Pacific,26.94,25.29,28.76,2014,27.63942252,185.39492467
GBR,United Kingdom of Great Britain and Northern Ireland,Male,16.39,11.7,21.29,21.2,17.7,24.6,EUR,Europe,24.34,23.46,25.25,2014,28.0989747,246.09552216
SYC,Seychelles,Male,16.5,11.29,21.99,37.2,27.2,47.2,AFR,Africa,16.66,13.36,20.18,2014,25.41176471,238.52643668
SVK,Slovakia,Male,16.46,11.66,21.68,38.3,29.6,46.9,EUR,Europe,23.75,20.6,27.12,2014,39.77658691,399.13749946
PRT,Portugal,Male,16.6,11.76,21.47,32.2,26.3,38.2,EUR,Europe,18.67,16.4,21.16,2014,27.24213989,294.96990696
ROU,Romania,All,16.98,12.29,21.59,32.0,26.4,37.6,EUR,Europe,24.16,22.59,25.77,2014,58.49312651,748.81312941
CHE,Switzerland,Male,16.96,12.31,21.96,29.6,24.5,34.6,EUR,Europe,14.16,12.67,15.77,2014,30.69329363,233.68671786
HUN,Hungary,Male,17.13,11.53,22.71,38.4,30.6,46.3,EUR,Europe,27.88,25.43,30.43,2014,44.58962447,588.17959458
UKR,Ukraine,Male,17.76,12.01,23.36,44.8,38.5,51.1,EUR,Europe,17.22,13.75,21.0,2014,58.97525035,924.60221878
IRL,Ireland,Male,17.8,12.96,22.61,25.2,20.7,29.8,EUR,Europe,26.87,24.11,29.73,2014,29.85836074,194.19968163
SVN,Slovenia,Male,17.91,13.12,22.91,23.7,19.8,27.6,EUR,Europe,19.25,17.93,20.61,2014,33.34057341,300.56225702
LUX,Luxembourg,Male,18.01,13.27,22.91,27.4,22.6,32.2,EUR,Europe,19.76,16.85,22.8,2014,28.29598749,194.94227124
BEL,Belgium,Male,18.21,13.13,23.01,31.5,25.7,37.3,EUR,Europe,17.76,15.61,19.98,2014,26.5088505,247.63727632
BGR,Bulgaria,Male,18.31,13.49,23.34,45.3,36.8,53.8,EUR,Europe,19.76,17.38,22.28,2014,61.32262052,988.39327391
POL,Poland,Male,18.58,13.16,23.79,31.9,27.2,36.5,EUR,Europe,24.81,23.02,26.63,2014,40.2556808,428.41216754
FRA,France,Male,18.73,13.62,24.16,36.6,30.1,43.0,EUR,Europe,11.32,10.3,12.4,2014,22.93402974,202.27670184
LVA,Latvia,Male,18.95,12.9,25.36,51.2,42.4,59.9,EUR,Europe,21.3,17.11,25.71,2014,49.41358708,732.83114144
MDA,Republic of Moldova,Male,19.12,12.63,25.52,49.6,41.2,58.0,EUR,Europe,18.87,16.15,21.72,2014,49.8252936,600.10228684
DEU,Germany,Male,19.28,14.2,24.47,27.7,23.3,32.2,EUR,Europe,21.95,20.08,23.85,2014,35.17998783,374.18558308
AUT,Austria,Male,19.44,14.44,24.33,33.3,26.9,39.7,EUR,Europe,16.38,14.3,18.54,2014,37.31295425,334.34293855
BLR,Belarus,Male,19.87,14.64,25.2,52.5,42.8,62.2,EUR,Europe,17.38,14.43,20.45,2014,53.31951562,741.64556284
BHR,Bahrain,All,2.0,0.55,3.71,16.8,12.7,20.9,EMR,Eastern Mediterranean,32.65,28.74,36.79,2014,32.09647495,65.8013848
TUR,Türkiye,All,1.95,0.58,3.53,31.3,25.6,36.9,EUR,Europe,30.37,29.25,31.54,2014,40.05417059,199.0739174
MEX,Mexico,Female,2.0,1.08,3.0,8.2,6.9,9.5,AMR,Americas,34.97,33.65,36.27,2014,27.14072781,121.40903893
BIH,Bosnia and Herzegovina,Female,2.04,1.16,2.97,31.6,19.9,43.3,EUR,Europe,18.91,14.64,23.38,2014,54.40408627,490.61982593
KGZ,Kyrgyzstan,Female,1.98,1.27,2.79,3.8,3.1,4.5,EUR,Europe,23.7,20.96,26.4,2014,56.21100032,296.29800431
MDV,Maldives,Male,2.18,0.21,4.55,47.1,38.5,55.7,SEAR,South-East Asia,8.36,6.75,10.18,2014,43.38781575,114.65728466
ARM,Armenia,Female,2.17,1.26,3.12,1.8,1.4,2.2,EUR,Europe,26.23,23.87,28.58,2014,50.72248981,435.28968863
CUB,Cuba,Female,2.26,1.34,3.26,13.6,10.4,16.9,AMR,Americas,20.62,18.56,22.88,2014,39.4015131,307.68998129
PHL,Philippines,Female,2.27,1.38,3.3,6.6,5.4,7.8,WPR,Western Pacific,7.69,6.72,8.71,2014,35.99490264,166.70245696
UZB,Uzbekistan,All,2.39,1.04,3.79,19.6,15.1,24.1,EUR,Europe,22.87,21.3,24.42,2014,60.66799768,295.39624736
PRY,Paraguay,Female,2.36,1.43,3.4,5.9,4.3,7.5,AMR,Americas,29.32,24.94,33.85,2014,26.95740882,97.83975015
GUY,Guyana,Female,2.41,1.59,3.35,2.9,2.2,3.7,AMR,Americas,31.36,28.14,34.73,2014,39.99160722,249.21873978
BLZ,Belize,Female,2.68,1.54,3.87,2.2,1.5,3.0,AMR,Americas,46.06,42.29,49.79,2014,26.24223602,95.52394033
MUS,Mauritius,Female,2.69,1.72,3.74,3.4,2.5,4.4,AFR,Africa,22.42,20.07,24.85,2014,33.2232185,228.6486346
PAN,Panama,Female,2.65,1.72,3.7,2.6,2.0,3.1,AMR,Americas,34.51,31.43,37.6,2014,28.29602795,112.50370383
DOM,Dominican Republic,Female,2.74,1.66,3.88,8.7,6.5,10.8,AMR,Americas,28.88,26.55,31.33,2014,28.19462647,101.76093925
URY,Uruguay,Female,2.75,1.73,3.87,20.7,17.0,24.4,AMR,Americas,28.7,25.73,31.93,2014,29.34340869,262.44006218
BHR,Bahrain,Male,2.84,0.78,5.25,28.0,22.4,33.6,EMR,Eastern Mediterranean,28.7,23.59,34.16,2014,36.32478632,73.77676268
GTM,Guatemala,Male,2.83,0.91,4.81,22.9,16.2,29.6,AMR,Americas,16.49,13.94,19.25,2014,14.84592559,83.05814364
SLV,El Salvador,All,2.78,1.33,4.43,10.5,7.6,13.5,AMR,Americas,26.42,24.24,28.74,2014,15.50141431,92.27771064
SGP,Singapore,Male,2.93,1.0,5.13,28.0,21.3,34.8,WPR,Western Pacific,9.29,7.93,10.79,2014,31.25892675,161.05886744
LKA,Sri Lanka,All,2.86,1.38,4.47,22.1,17.6,26.6,SEAR,South-East Asia,6.51,5.83,7.23,2014,25.54823107,157.53413027
JPN,Japan,Female,2.93,1.92,4.1,11.0,9.1,12.9,WPR,Western Pacific,3.04,2.75,3.34,2014,29.37241908,279.47383951
CZE,Czechia,Male,20.83,15.64,25.87,35.6,30.0,41.3,EUR,Europe,24.46,22.54,26.52,2014,41.84778563,435.06219403
RUS,Russian Federation,Male,20.86,15.04,26.82,44.7,37.2,52.2,EUR,Europe,19.04,17.05,21.12,2014,44.94734921,648.45400096
GEO,Georgia,Male,23.67,16.13,31.05,57.2,45.8,68.7,EUR,Europe,25.51,22.46,28.78,2014,38.95215484,544.83030337
LTU,Lithuania,Male,24.6,18.76,30.46,46.4,36.6,56.1,EUR,Europe,23.13,18.4,28.15,2014,46.99651914,699.49064706
EST,Estonia,Male,25.63,18.48,32.76,41.4,33.6,49.2,EUR,Europe,20.89,18.52,23.4,2014,44.76892163,543.7205322
ROU,Romania,Male,27.28,19.61,34.83,41.3,34.6,47.9,EUR,Europe,24.75,22.38,27.19,2014,51.76317785,708.5834723
ISR,Israel,All,3.03,1.53,4.74,23.2,18.9,27.5,EUR,Europe,22.0,20.41,23.6,2014,23.92221959,122.78977929
ZAF,South Africa,Female,3.05,2.08,4.11,7.8,6.2,9.5,AFR,Africa,41.35,39.74,42.98,2014,20.00921676,155.62922323
NOR,Norway,Female,3.13,1.98,4.38,19.7,16.6,22.7,EUR,Europe,15.86,13.25,18.65,2014,30.19991287,244.25478605
TKM,Turkmenistan,All,3.23,1.77,4.82,7.5,5.6,9.3,EUR,Europe,18.09,16.5,19.77,2014,45.1450348,262.22356214
THA,Thailand,Female,3.17,2.12,4.3,1.9,1.5,2.2,SEAR,South-East Asia,13.75,12.31,15.28,2014,13.62994276,78.28274282
JAM,Jamaica,All,3.35,1.53,5.26,11.5,7.7,15.2,AMR,Americas,27.81,25.93,29.73,2014,35.50218341,226.21514995
MLT,Malta,Female,3.3,2.05,4.7,23.4,18.5,28.3,EUR,Europe,28.32,24.25,32.57,2014,40.49535604,305.87332916
TUR,Türkiye,Male,3.44,1.03,6.19,44.6,36.4,52.9,EUR,Europe,22.54,20.85,24.37,2014,36.19910369,195.21374141
CRI,Costa Rica,All,3.39,1.7,5.13,10.9,8.5,13.2,AMR,Americas,26.17,24.56,27.8,2014,29.41350419,124.45270422
GRC,Greece,Female,3.41,2.29,4.61,34.0,26.7,41.2,EUR,Europe,25.37,23.29,27.45,2014,43.12062905,424.88072991
CYP,Cyprus,Female,3.41,2.26,4.66,22.9,18.3,27.5,EUR,Europe,19.78,14.43,25.99,2014,35.96491228,214.90477417
LCA,Saint Lucia,Female,3.53,2.17,4.89,3.9,2.8,5.0,AMR,Americas,39.32,35.78,42.89,2014,34.26573427,216.57219257
ISL,Iceland,Female,3.53,2.35,4.77,13.6,10.9,16.3,EUR,Europe,18.1,14.64,21.97,2014,31.23123123,191.25440207
ITA,Italy,Female,3.45,2.37,4.64,19.2,16.4,22.0,EUR,Europe,15.55,14.11,16.99,2014,40.18745751,396.62177316
PER,Peru,Female,3.58,2.26,4.95,4.4,3.5,5.4,AMR,Americas,24.09,23.16,24.98,2014,19.36025429,57.13725506
BRA,Brazil,Female,3.58,2.39,4.88,11.1,8.8,13.5,AMR,Americas,23.97,22.72,25.25,2014,30.42215635,157.37941908
CHL,Chile,Female,3.71,2.53,4.98,30.9,25.6,36.3,AMR,Americas,36.52,34.09,38.86,2014,28.95055037,153.97246635
HRV,Croatia,Female,3.76,2.14,5.44,33.8,27.0,40.6,EUR,Europe,22.94,20.73,25.3,2014,53.3353946,629.39321022
KOR,Republic of Korea,Female,3.94,2.68,5.35,6.2,5.0,7.5,WPR,Western Pacific,4.22,3.93,4.53,2014,25.1821452,119.39182955
ARG,Argentina,Female,4.0,2.77,5.33,21.5,17.9,25.1,AMR,Americas,28.67,26.64,30.69,2014,29.63805997,210.78941445
ECU,Ecuador,All,4.06,2.3,5.98,11.3,8.1,14.5,AMR,Americas,21.43,20.23,22.6,2014,23.0799765,91.1242841
ESP,Spain,Female,4.11,2.86,5.41,27.5,22.5,32.4,EUR,Europe,15.68,14.23,17.23,2014,32.84892849,270.21768124
UZB,Uzbekistan,Male,4.16,1.81,6.61,38.0,29.3,46.6,EUR,Europe,18.67,16.46,20.96,2014,58.20290922,307.59308267
KAZ,Kazakhstan,All,4.25,2.33,6.23,25.7,21.1,30.3,EUR,Europe,16.52,15.07,18.05,2014,27.17540468,207.31547199
SYC,Seychelles,Female,4.21,2.85,5.73,8.2,5.6,10.8,AFR,Africa,35.59,31.34,39.86,2014,31.33333333,203.98862872
USA,United States of America,Female,4.25,2.96,5.59,20.5,17.2,23.7,AMR,Americas,38.89,37.39,40.41,2014,30.73697849,247.69826397
SWE,Sweden,Female,4.3,2.85,5.74,22.0,18.6,25.5,EUR,Europe,13.79,11.85,15.87,2014,37.03476393,348.16933938
NLD,Netherlands (Kingdom of the),Female,4.3,3.01,5.72,22.5,18.3,26.6,EUR,Europe,14.29,12.15,16.66,2014,28.01447949,237.31740048
BHS,Bahamas,All,4.35,0.18,8.75,11.4,8.4,14.4,AMR,Americas,41.31,38.51,44.21,2014,31.77396943,185.08875356
CAN,Canada,Female,4.37,2.98,5.8,13.5,11.3,15.6,AMR,Americas,24.13,22.55,25.69,2014,26.91941278,191.73807088
DNK,Denmark,Female,4.36,3.05,5.8,20.5,17.3,23.7,EUR,Europe,10.78,9.53,12.16,2014,23.49716076,211.28069909
FIN,Finland,Female,4.38,3.07,5.79,21.1,17.5,24.8,EUR,Europe,19.76,18.27,21.36,2014,38.22565455,365.60522131
NZL,New Zealand,Female,4.61,3.22,6.19,15.2,12.7,17.8,WPR,Western Pacific,31.01,29.67,32.39,2014,33.79698518,224.98495865
SVK,Slovakia,Female,4.59,3.19,6.2,25.5,17.6,33.4,EUR,Europe,19.76,17.08,22.56,2014,49.70016501,444.53563863
BGR,Bulgaria,Female,4.6,3.34,5.98,37.4,30.3,44.6,EUR,Europe,16.49,14.58,18.48,2014,70.77711097,998.04404174
SLV,El Salvador,Male,4.72,2.26,7.52,18.7,13.6,23.8,AMR,Americas,19.27,15.86,22.78,2014,13.37239278,96.27334747
HUN,Hungary,Female,4.65,3.1,6.24,29.1,22.7,35.5,EUR,Europe,24.56,22.38,26.77,2014,54.64270166,680.1779719
PRT,Portugal,Female,4.71,3.3,6.15,18.8,14.8,22.8,EUR,Europe,19.62,17.46,21.88,2014,34.24527755,324.38259345
ISR,Israel,Male,4.84,2.46,7.56,30.2,24.6,35.7,EUR,Europe,21.45,19.21,23.6,2014,22.95471842,118.5670878
UKR,Ukraine,Female,4.75,3.22,6.4,12.2,10.3,14.1,EUR,Europe,26.01,22.82,29.28,2014,75.3635445,1053.1469733
GBR,United Kingdom of Great Britain and Northern Ireland,Female,4.77,3.38,6.2,17.4,14.9,19.9,EUR,Europe,25.97,25.09,26.89,2014,26.17528761,232.91162394
SVN,Slovenia,Female,4.84,3.49,6.34,19.9,16.3,23.5,EUR,Europe,13.73,12.74,14.76,2014,48.39842943,450.29628804
LKA,Sri Lanka,Male,4.87,2.36,7.6,40.7,32.7,48.7,SEAR,South-East Asia,3.88,3.16,4.66,2014,26.39810557,191.04294162
AUS,Australia,Female,4.91,3.49,6.43,13.7,11.5,15.8,WPR,Western Pacific,26.14,24.51,27.83,2014,31.12215739,198.02539522
RUS,Russian Federation,Female,4.94,3.52,6.43,15.4,12.8,18.0,EUR,Europe,25.03,23.11,27.1,2014,55.42853538,661.31745171
MEX,Mexico,All,4.98,2.69,7.38,17.0,14.4,19.6,AMR,Americas,30.69,29.76,31.6,2014,25.00691639,128.42577011
COL,Colombia,All,4.98,2.95,7.12,9.9,8.0,11.9,AMR,Americas,19.3,18.3,20.33,2014,31.46807204,140.73289863
ARM,Armenia,All,4.99,2.95,7.15,27.2,22.3,32.1,EUR,Europe,21.18,19.39,23.0,2014,47.87111207,440.20267838
CHE,Switzerland,Female,4.99,3.55,6.64,23.2,19.5,26.9,EUR,Europe,9.47,8.01,11.06,2014,34.84696818,276.95234771
POL,Poland,Female,5.15,3.64,6.76,23.2,19.1,27.4,EUR,Europe,21.23,19.74,22.75,2014,50.32046315,463.65681654
BEL,Belgium,Female,5.24,3.8,6.69,24.5,20.3,28.8,EUR,Europe,18.52,16.42,20.81,2014,30.6360012,285.51143807
LVA,Latvia,Female,5.26,3.5,7.15,23.0,18.9,27.0,EUR,Europe,22.29,18.59,26.26,2014,63.9989074,868.05426914
MDA,Republic of Moldova,Female,5.35,3.52,7.27,6.6,5.4,7.9,EUR,Europe,26.16,23.8,28.45,2014,66.61901737,681.812517
FRA,France,Female,5.33,3.84,6.98,32.5,25.7,39.4,EUR,Europe,11.35,10.38,12.32,2014,27.1075138,221.85946387
JAM,Jamaica,Male,5.41,2.47,8.52,18.3,12.5,24.1,AMR,Americas,14.2,11.99,16.64,2014,33.91843599,225.78970421
IRL,Ireland,Female,5.42,3.87,6.99,21.5,17.3,25.6,EUR,Europe,24.49,21.92,27.15,2014,30.67920585,188.4930231
BLR,Belarus,Female,5.4,3.95,6.95,14.3,11.2,17.4,EUR,Europe,23.75,20.85,26.83,2014,57.74540386,686.52381874
CRI,Costa Rica,Male,5.52,2.79,8.3,16.0,12.6,19.5,AMR,Americas,20.98,18.8,23.24,2014,28.37261894,135.92142392
PRY,Paraguay,All,5.55,3.43,7.89,14.6,10.3,19.0,AMR,Americas,26.33,23.2,29.6,2014,25.13067655,102.71949834
LUX,Luxembourg,Female,5.55,3.77,7.8,22.5,18.4,26.6,EUR,Europe,16.59,14.08,19.29,2014,34.71444569,223.20223202
DEU,Germany,Female,5.49,3.98,7.1,22.6,18.9,26.2,EUR,Europe,18.79,16.89,20.79,2014,42.48015726,459.03523833
TKM,Turkmenistan,Male,5.64,3.11,8.39,14.4,10.9,17.9,EUR,Europe,14.93,12.64,17.36,2014,42.70147685,286.88358584
AUT,Austria,Female,5.63,4.17,7.15,29.8,24.0,35.5,EUR,Europe,12.22,10.19,14.38,2014,46.95797002,438.98152257
BIH,Bosnia and Herzegovina,All,5.83,3.42,8.27,38.8,25.7,51.9,EUR,Europe,17.98,15.03,21.12,2014,49.76653696,467.84414148
CUB,Cuba,All,5.77,3.45,8.31,22.5,17.7,27.2,AMR,Americas,17.32,15.92,18.84,2014,37.81480328,322.16599699
PHL,Philippines,All,5.84,3.53,8.39,24.4,19.8,28.9,WPR,Western Pacific,6.23,5.63,6.87,2014,34.96300738,187.9873783
GEO,Georgia,Female,5.78,3.9,7.68,6.8,5.7,8.0,EUR,Europe,30.87,28.09,33.69,2014,45.13533586,560.8880685
CZE,Czechia,Female,5.77,4.29,7.38,27.1,22.5,31.6,EUR,Europe,20.49,18.69,22.3,2014,50.33798748,488.04651996
GUY,Guyana,All,5.87,3.88,8.06,15.3,11.5,19.1,AMR,Americas,22.73,20.71,24.91,2014,35.85722012,260.55175666
URY,Uruguay,All,6.0,3.8,8.3,24.4,20.4,28.3,AMR,Americas,26.54,24.26,28.93,2014,26.96282921,254.70263225
ECU,Ecuador,Male,6.28,3.6,9.27,19.2,13.9,24.5,AMR,Americas,16.0,14.45,17.63,2014,21.80976479,94.97774941
BLZ,Belize,All,6.37,3.67,9.16,10.0,7.3,12.7,AMR,Americas,36.57,34.08,39.18,2014,23.1884058,104.14131524
KGZ,Kyrgyzstan,All,6.41,4.22,8.83,28.0,21.9,34.1,EUR,Europe,21.42,19.21,23.74,2014,50.37551686,306.88082009
DOM,Dominican Republic,All,6.59,3.98,9.25,12.5,9.4,15.5,AMR,Americas,23.62,22.01,25.16,2014,25.79783683,114.03631396
PAN,Panama,All,6.65,4.35,8.99,7.1,5.7,8.4,AMR,Americas,28.53,26.48,30.66,2014,27.90160145,129.95621475
JPN,Japan,All,6.76,4.51,9.17,22.8,19.3,26.3,WPR,Western Pacific,4.14,3.86,4.44,2014,26.84673418,272.46635627
NOR,Norway,All,6.88,4.48,9.49,20.5,17.3,23.7,EUR,Europe,16.99,15.15,18.99,2014,29.04025382,228.05181347
LTU,Lithuania,Female,6.95,5.21,8.75,22.8,17.4,28.3,EUR,Europe,23.02,18.87,27.57,2014,64.89921557,826.69245232
BHS,Bahamas,Male,7.11,0.29,14.33,20.0,14.8,25.2,AMR,Americas,35.13,31.28,39.15,2014,29.08633697,192.98148045
EST,Estonia,Female,7.17,5.1,9.42,25.1,20.4,29.9,EUR,Europe,20.84,18.85,22.93,2014,61.3116802,701.25205211
MLT,Malta,All,7.41,4.64,10.39,26.8,21.5,32.2,EUR,Europe,30.63,27.5,33.77,2014,37.64525994,288.00643862
MUS,Mauritius,All,7.4,4.7,10.11,22.1,16.5,27.7,AFR,Africa,16.89,15.38,18.41,2014,31.75460903,245.80382444
ROU,Romania,Female,7.5,5.29,9.82,22.7,18.2,27.3,EUR,Europe,23.28,21.21,25.46,2014,65.85474016,787.24210311
KAZ,Kazakhstan,Male,7.57,4.13,11.07,43.1,35.3,50.9,EUR,Europe,13.18,11.16,15.33,2014,26.47332786,228.06134206
ISL,Iceland,All,7.64,5.05,10.21,13.8,11.2,16.5,EUR,Europe,19.15,16.67,21.73,2014,32.91015625,205.87350387
PER,Peru,All,7.68,4.92,10.43,11.7,8.9,14.4,AMR,Americas,20.01,19.35,20.63,2014,18.59961227,59.62374859
GRC,Greece,All,7.77,5.22,10.37,38.4,30.8,46.0,EUR,Europe,25.25,23.66,26.81,2014,39.69315984,414.48283656
ITA,Italy,All,7.77,5.35,10.31,23.5,19.9,27.2,EUR,Europe,16.27,15.18,17.39,2014,36.78036314,362.2242394
CYP,Cyprus,All,8.01,5.28,10.84,37.1,29.4,44.9,EUR,Europe,21.79,17.73,26.19,2014,34.93410363,226.80228701
CHL,Chile,All,8.04,5.57,10.53,33.6,27.6,39.6,AMR,Americas,31.35,29.74,33.0,2014,27.52451942,158.02728077
THA,Thailand,All,8.1,5.43,10.97,21.1,17.7,24.5,SEAR,South-East Asia,10.9,9.97,11.86,2014,13.46941399,90.33287216
MEX,Mexico,Male,8.18,4.42,12.1,25.8,21.9,29.7,AMR,Americas,25.97,24.65,27.34,2014,23.31348483,135.75398436
COL,Colombia,Male,8.16,4.84,11.66,14.5,11.7,17.4,AMR,Americas,14.36,13.08,15.7,2014,29.25527801,147.94659409
BRA,Brazil,All,8.34,5.64,11.2,14.9,12.0,17.8,AMR,Americas,20.75,19.86,21.65,2014,27.73937911,167.86679989
LCA,Saint Lucia,All,8.49,5.26,11.63,15.4,11.4,19.4,AMR,Americas,27.47,25.27,29.72,2014,31.64362519,231.07641226
ARM,Armenia,Male,8.59,5.1,12.32,52.6,43.1,62.0,EUR,Europe,14.02,11.41,16.78,2014,45.16492018,445.56286134
ARG,Argentina,All,8.63,6.14,11.23,26.6,21.8,31.4,AMR,Americas,27.91,26.43,29.43,2014,28.31990312,213.89616294
HRV,Croatia,All,8.69,5.06,12.33,36.1,28.8,43.4,EUR,Europe,24.37,22.64,26.17,2014,47.42815555,568.8953987
PRY,Paraguay,Male,8.75,5.4,12.44,23.4,16.4,30.4,AMR,Americas,23.23,18.74,27.87,2014,23.73215813,107.42859185
KOR,Republic of Korea,All,8.81,6.15,11.54,23.8,19.5,28.1,WPR,Western Pacific,4.55,4.32,4.78,2014,21.59720873,113.88968354
ZAF,South Africa,All,8.93,6.2,11.81,21.5,17.2,25.8,AFR,Africa,29.02,28.01,30.04,2014,17.26177872,143.47633678
ESP,Spain,All,9.19,6.46,11.98,30.3,25.0,35.5,EUR,Europe,18.23,17.01,19.47,2014,29.65742869,252.70192459
CUB,Cuba,Male,9.35,5.58,13.43,31.3,25.1,37.6,AMR,Americas,13.92,12.09,15.88,2014,36.45749066,336.81567189
PHL,Philippines,Male,9.41,5.7,13.55,42.1,34.1,50.1,WPR,Western Pacific,4.74,4.01,5.56,2014,34.1949776,208.88294493
GUY,Guyana,Male,9.51,6.31,13.01,27.7,20.9,34.5,AMR,Americas,13.48,11.2,16.06,2014,32.74336283,271.93314015
SWE,Sweden,All,9.54,6.46,12.74,28.3,23.7,33.0,EUR,Europe,14.7,13.27,16.19,2014,36.54532797,335.68102753
NLD,Netherlands (Kingdom of the),All,9.5,6.65,12.34,24.7,20.6,28.9,EUR,Europe,13.89,12.33,15.56,2014,27.19521918,224.50033822
USA,United States of America,All,9.47,6.7,12.27,26.3,21.7,30.9,AMR,Americas,37.94,36.85,39.01,2014,30.75519586,253.47580693
URY,Uruguay,Male,9.6,6.06,13.29,28.1,23.8,32.3,AMR,Americas,23.91,20.68,27.23,2014,24.69135802,246.39314588
DNK,Denmark,All,9.6,6.73,12.56,21.2,17.9,24.6,EUR,Europe,12.63,11.83,13.48,2014,23.74639656,214.70927896
FIN,Finland,All,9.66,6.9,12.6,26.5,22.2,30.9,EUR,Europe,19.68,18.53,20.86,2014,37.48020378,359.6623389
NZL,New Zealand,All,9.74,6.95,12.81,16.4,13.8,19.0,WPR,Western Pacific,30.16,29.17,31.11,2014,33.2466949,226.84047626
BIH,Bosnia and Herzegovina,Male,9.86,5.73,14.05,45.9,31.4,60.5,EUR,Europe,16.73,12.72,21.03,2014,45.31590414,444.09144868
CAN,Canada,All,9.95,6.89,13.02,15.8,13.5,18.1,AMR,Americas,24.97,23.81,26.15,2014,26.88460364,195.1052672
